# ave_fitness_mean,ave_fitness_std,ave_genome_length_mean,ave_genome_length_std,ave_tree_depth_mean,ave_tree_depth_std,ave_tree_nodes_mean,ave_tree_nodes_std,ave_used_codons_mean,ave_used_codons_std,best_fitness_mean,best_fitness_std,invalids_mean,invalids_std,max_genome_length_mean,max_genome_length_std,max_tree_depth_mean,max_tree_depth_std,max_tree_nodes_mean,max_tree_nodes_std,max_used_codons_mean,max_used_codons_std,min_genome_length_mean,min_genome_length_std,min_tree_depth_mean,min_tree_depth_std,min_tree_nodes_mean,min_tree_nodes_std,min_used_codons_mean,min_used_codons_std,runtime_error_mean,runtime_error_std,time_taken_mean,time_taken_std,total_time_mean,total_time_std,unique_inds_mean,unique_inds_std,unused_search_mean,unused_search_std
2.291867943904264127e-01,1.676203060954407909e-01,4.169999999999999574e+01,1.004987562112086952e+00,5.000000000000000000e+00,0.000000000000000000e+00,4.395000000000000284e+01,6.224949798994369177e-01,2.794999999999999929e+01,6.224949798994366956e-01,8.277885524992967259e-01,7.449141275747944713e-01,0.000000000000000000e+00,0.000000000000000000e+00,5.100000000000000000e+01,0.000000000000000000e+00,5.000000000000000000e+00,0.000000000000000000e+00,5.000000000000000000e+01,0.000000000000000000e+00,3.400000000000000000e+01,0.000000000000000000e+00,3.675000000000000000e+01,1.785357107135712607e+00,5.000000000000000000e+00,0.000000000000000000e+00,4.075000000000000000e+01,1.089724735885168494e+00,2.475000000000000000e+01,1.089724735885168494e+00,0.000000000000000000e+00,0.000000000000000000e+00,2.519024908542633057e+00,8.985442492705995043e-01,2.519024908542633057e+00,8.985442492705995043e-01,5.000000000000000000e+00,0.000000000000000000e+00,0.000000000000000000e+00,0.000000000000000000e+00
5.253454117184011007e-01,3.427939582010906538e-01,3.779999999999999716e+01,2.213594362117865977e+00,5.000000000000000000e+00,0.000000000000000000e+00,4.177499999999999858e+01,1.185590570137937672e+00,2.577499999999999858e+01,1.185590570137937450e+00,1.180266832499569762e+00,6.986300854758185075e-01,5.000000000000000000e-01,5.000000000000000000e-01,4.850000000000000000e+01,1.045227248018343680e+01,5.000000000000000000e+00,0.000000000000000000e+00,4.350000000000000000e+01,2.061552812808830293e+00,2.750000000000000000e+01,2.061552812808830293e+00,2.775000000000000000e+01,1.056823069392412506e+01,5.000000000000000000e+00,0.000000000000000000e+00,4.025000000000000000e+01,8.291561975888499525e-01,2.425000000000000000e+01,8.291561975888499525e-01,0.000000000000000000e+00,0.000000000000000000e+00,1.463501095771789551e+00,4.781260582046342744e-01,3.982526004314422607e+00,1.360396767461326650e+00,8.250000000000000000e+00,8.291561975888499525e-01,1.750000000000000000e+01,8.291561975888500413e+00
9.014889607497417190e-01,7.177807777970591774e-01,3.904999999999999716e+01,7.533259586659686313e-01,5.000000000000000000e+00,0.000000000000000000e+00,4.114999999999999858e+01,1.107925990308018083e+00,2.514999999999999858e+01,1.107925990308017417e+00,2.519226007499948849e+00,2.294140103136680153e+00,7.500000000000000000e-01,4.330127018922192983e-01,5.000000000000000000e+01,4.301162633521313339e+00,5.000000000000000000e+00,0.000000000000000000e+00,4.275000000000000000e+01,1.479019945774904032e+00,2.675000000000000000e+01,1.479019945774904032e+00,2.875000000000000000e+01,6.533567172685989632e+00,5.000000000000000000e+00,0.000000000000000000e+00,3.950000000000000000e+01,1.500000000000000000e+00,2.350000000000000000e+01,1.500000000000000000e+00,0.000000000000000000e+00,0.000000000000000000e+00,1.844325840473175049e+00,9.479485335972474003e-01,5.826851844787597656e+00,2.295107590300860423e+00,1.125000000000000000e+01,1.479019945774904032e+00,2.500000000000000000e+01,9.860132971832694437e+00
1.190681079874677417e+00,7.520420844335304889e-01,4.434999999999999432e+01,6.242395373572552586e+00,5.000000000000000000e+00,0.000000000000000000e+00,4.095000000000000284e+01,1.351850583459577093e+00,2.495000000000000284e+01,1.351850583459577093e+00,3.329467639999897699e+00,2.260961437019164411e+00,7.500000000000000000e-01,4.330127018922192983e-01,5.825000000000000000e+01,1.070922499530194827e+01,5.000000000000000000e+00,0.000000000000000000e+00,4.250000000000000000e+01,1.658312395177699905e+00,2.650000000000000000e+01,1.658312395177699905e+00,3.075000000000000000e+01,5.309190145398825500e+00,5.000000000000000000e+00,0.000000000000000000e+00,3.925000000000000000e+01,1.479019945774904032e+00,2.325000000000000000e+01,1.479019945774904032e+00,0.000000000000000000e+00,0.000000000000000000e+00,2.033622741699218750e+00,1.004208201318541160e+00,7.860474586486816406e+00,3.283948163740712634e+00,1.525000000000000000e+01,1.479019945774904032e+00,2.375000000000000000e+01,7.395099728874519940e+00
1.724598809416317158e+00,1.336586419134413894e+00,4.884999999999999432e+01,1.336964846209503044e+01,5.000000000000000000e+00,0.000000000000000000e+00,4.028333333333333854e+01,1.774119499921016585e+00,2.428333333333333144e+01,1.774119499921019250e+00,3.329467639999897699e+00,2.260961437019164411e+00,1.250000000000000000e+00,1.089724735885168494e+00,6.375000000000000000e+01,1.918821252748676542e+01,5.000000000000000000e+00,0.000000000000000000e+00,4.150000000000000000e+01,2.061552812808830293e+00,2.550000000000000000e+01,2.061552812808830293e+00,3.500000000000000000e+01,9.721111047611790568e+00,5.000000000000000000e+00,0.000000000000000000e+00,3.925000000000000000e+01,1.479019945774904032e+00,2.325000000000000000e+01,1.479019945774904032e+00,0.000000000000000000e+00,0.000000000000000000e+00,1.630774676799774170e+00,3.506171916646383946e-01,9.491249263286590576e+00,3.589923428650033443e+00,1.775000000000000000e+01,2.384848003542364037e+00,2.900000000000000000e+01,9.539392014169456147e+00
2.001647093686738987e+00,1.588360072121244526e+00,5.370000000000000284e+01,1.380181147531004449e+01,5.000000000000000000e+00,0.000000000000000000e+00,4.005000000000000426e+01,1.125833024919770109e+00,2.405000000000000071e+01,1.125833024919770553e+00,3.582763404999795842e+00,2.114135216088153690e+00,1.250000000000000000e+00,1.089724735885168494e+00,6.875000000000000000e+01,2.543005112067217155e+01,5.000000000000000000e+00,0.000000000000000000e+00,4.250000000000000000e+01,8.660254037844385966e-01,2.650000000000000000e+01,8.660254037844385966e-01,3.900000000000000000e+01,8.062257748298549132e+00,5.000000000000000000e+00,0.000000000000000000e+00,3.900000000000000000e+01,1.224744871391588941e+00,2.300000000000000000e+01,1.224744871391588941e+00,0.000000000000000000e+00,0.000000000000000000e+00,3.337987482547760010e+00,2.754886357296633115e+00,1.282923674583435059e+01,6.337607558326789459e+00,2.125000000000000000e+01,3.031088913245535199e+00,2.916666666666666430e+01,1.010362971081845629e+01
2.259215915499665606e+00,1.516005654590973917e+00,5.400000000000000000e+01,1.135253275705470166e+01,5.000000000000000000e+00,0.000000000000000000e+00,4.000000000000000000e+01,1.667333200053307429e+00,2.400000000000000000e+01,1.667333200053307429e+00,3.582763404999795842e+00,2.114135216088153690e+00,1.250000000000000000e+00,1.089724735885168494e+00,6.600000000000000000e+01,2.072438177606270671e+01,5.000000000000000000e+00,0.000000000000000000e+00,4.075000000000000000e+01,1.785357107135712607e+00,2.475000000000000000e+01,1.785357107135712607e+00,4.100000000000000000e+01,3.741657386773941329e+00,5.000000000000000000e+00,0.000000000000000000e+00,3.900000000000000000e+01,1.224744871391588941e+00,2.300000000000000000e+01,1.224744871391588941e+00,0.000000000000000000e+00,0.000000000000000000e+00,2.800451099872589111e+00,1.416176539668529966e+00,1.562968784570693970e+01,7.622380036881351018e+00,2.475000000000000000e+01,3.766629793329840936e+00,2.928571428571428470e+01,1.076179940951383784e+01
1.879691592749583862e+00,1.210391732493305339e+00,5.900000000000000000e+01,1.756473740196533484e+01,5.000000000000000000e+00,0.000000000000000000e+00,4.020000000000000284e+01,1.529705854077836324e+00,2.419999999999999929e+01,1.529705854077835214e+00,3.973388404999795842e+00,2.137686535398259480e+00,1.250000000000000000e+00,1.089724735885168494e+00,7.325000000000000000e+01,2.082516506537223222e+01,5.000000000000000000e+00,0.000000000000000000e+00,4.225000000000000000e+01,2.165063509461096825e+00,2.625000000000000000e+01,2.165063509461096825e+00,4.450000000000000000e+01,1.479019945774903988e+01,5.000000000000000000e+00,0.000000000000000000e+00,3.875000000000000000e+01,1.089724735885168494e+00,2.275000000000000000e+01,1.089724735885168494e+00,0.000000000000000000e+00,0.000000000000000000e+00,2.488258123397827148e+00,1.386760466277485726e+00,1.811794596910476685e+01,8.984068844309405222e+00,2.825000000000000000e+01,3.897114317029974018e+00,2.937500000000000000e+01,9.742785792574931492e+00
2.917822993749266569e+00,1.631690766886072286e+00,5.325000000000000000e+01,1.468085487974048320e+01,5.000000000000000000e+00,0.000000000000000000e+00,3.968750000000000000e+01,1.363073273892493775e+00,2.368750000000000000e+01,1.363073273892493775e+00,6.561279029999795398e+00,4.265108975797771151e+00,1.500000000000000000e+00,1.500000000000000000e+00,6.900000000000000000e+01,1.389244398944980396e+01,5.000000000000000000e+00,0.000000000000000000e+00,4.125000000000000000e+01,1.479019945774904032e+00,2.525000000000000000e+01,1.479019945774904032e+00,4.100000000000000000e+01,1.797220075561142849e+01,5.000000000000000000e+00,0.000000000000000000e+00,3.825000000000000000e+01,1.089724735885168494e+00,2.225000000000000000e+01,1.089724735885168494e+00,0.000000000000000000e+00,0.000000000000000000e+00,2.632930576801300049e+00,1.235545189781138031e+00,2.075087654590606689e+01,1.013693191702459728e+01,3.100000000000000000e+01,4.301162633521313339e+00,3.111111111111110716e+01,9.558139185602918531e+00
3.262148550249577283e+00,1.833349198635594535e+00,5.054999999999999716e+01,1.314334432326871749e+01,4.950000000000000178e+00,8.660254037844393460e-02,3.929999999999999716e+01,1.603121954188139187e+00,2.330000000000000071e+01,1.603121954188139853e+00,7.147216529999795398e+00,4.446557102705243736e+00,1.500000000000000000e+00,1.500000000000000000e+00,5.900000000000000000e+01,1.501665741768120732e+01,5.000000000000000000e+00,0.000000000000000000e+00,4.125000000000000000e+01,1.920286436967151955e+00,2.525000000000000000e+01,1.920286436967151955e+00,4.075000000000000000e+01,9.984362773857929696e+00,4.750000000000000000e+00,4.330127018922192983e-01,3.750000000000000000e+01,1.802775637731994562e+00,2.150000000000000000e+01,1.802775637731994562e+00,0.000000000000000000e+00,0.000000000000000000e+00,2.436568558216094971e+00,1.314163066189921736e+00,2.318744510412216187e+01,1.142739849832740262e+01,3.400000000000000000e+01,4.743416490252569062e+00,3.200000000000000000e+01,9.486832980505138124e+00
3.987932428999206635e+00,2.534690850586925670e+00,4.860000000000000142e+01,1.174563748802081697e+01,4.950000000000000178e+00,8.660254037844393460e-02,3.914999999999999858e+01,1.532155344604457126e+00,2.314999999999999858e+01,1.532155344604457126e+00,7.635497779999795398e+00,5.070942063595798466e+00,1.500000000000000000e+00,1.500000000000000000e+00,5.725000000000000000e+01,1.349768498669308769e+01,5.000000000000000000e+00,0.000000000000000000e+00,4.125000000000000000e+01,1.920286436967151955e+00,2.525000000000000000e+01,1.920286436967151955e+00,4.175000000000000000e+01,9.807522622966516224e+00,4.750000000000000000e+00,4.330127018922192983e-01,3.725000000000000000e+01,1.785357107135712607e+00,2.125000000000000000e+01,1.785357107135712607e+00,0.000000000000000000e+00,0.000000000000000000e+00,3.021887540817260742e+00,2.160334395738793045e+00,2.620933264493942261e+01,1.357518462849367857e+01,3.650000000000000000e+01,5.024937810560444973e+00,3.363636363636364024e+01,9.136250564655355788e+00
5.028685303248961347e+00,3.144609951512465695e+00,5.229999999999999716e+01,1.083835780918862213e+01,5.000000000000000000e+00,0.000000000000000000e+00,3.914999999999999858e+01,1.203120941551596657e+00,2.314999999999999858e+01,1.203120941551596657e+00,1.224365180999959080e+01,8.747009364587576385e+00,1.500000000000000000e+00,1.500000000000000000e+00,6.350000000000000000e+01,1.473940297298367597e+01,5.000000000000000000e+00,0.000000000000000000e+00,4.150000000000000000e+01,2.061552812808830293e+00,2.550000000000000000e+01,2.061552812808830293e+00,4.250000000000000000e+01,1.160818676624390022e+01,5.000000000000000000e+00,0.000000000000000000e+00,3.725000000000000000e+01,1.089724735885168494e+00,2.125000000000000000e+01,1.089724735885168494e+00,0.000000000000000000e+00,0.000000000000000000e+00,3.783031821250915527e+00,2.098129532109876738e+00,2.999236446619033813e+01,1.555231084841750366e+01,3.975000000000000000e+01,5.356071321407137376e+00,3.375000000000000000e+01,8.926785535678561700e+00
8.028486682998751789e+00,5.985682807010695328e+00,5.750000000000000000e+01,1.388848443855555992e+01,5.000000000000000000e+00,0.000000000000000000e+00,3.820000000000000284e+01,1.208304597359458166e+00,2.219999999999999929e+01,1.208304597359456833e+00,1.224365180999959080e+01,8.747009364587576385e+00,1.750000000000000000e+00,1.920286436967151955e+00,6.650000000000000000e+01,1.171537451385998096e+01,5.000000000000000000e+00,0.000000000000000000e+00,4.000000000000000000e+01,1.870828693386970665e+00,2.400000000000000000e+01,1.870828693386970665e+00,4.450000000000000000e+01,1.281600561797629645e+01,5.000000000000000000e+00,0.000000000000000000e+00,3.725000000000000000e+01,1.089724735885168494e+00,2.125000000000000000e+01,1.089724735885168494e+00,0.000000000000000000e+00,0.000000000000000000e+00,4.351128399372100830e+00,2.587805276819351352e+00,3.434349286556243896e+01,1.729859030889075910e+01,4.125000000000000000e+01,5.402545696243577389e+00,3.653846153846154721e+01,8.311608763451653559e+00
7.379301311748606373e+00,5.393841468051848054e+00,5.645000000000000284e+01,1.442107832306585458e+01,5.000000000000000000e+00,0.000000000000000000e+00,3.840000000000000568e+01,1.077032961426902524e+00,2.240000000000000213e+01,1.077032961426900748e+00,1.224365180999959080e+01,8.747009364587576385e+00,1.750000000000000000e+00,1.920286436967151955e+00,7.100000000000000000e+01,1.862793601019715695e+01,5.000000000000000000e+00,0.000000000000000000e+00,4.050000000000000000e+01,1.500000000000000000e+00,2.450000000000000000e+01,1.500000000000000000e+00,4.375000000000000000e+01,9.065732182234372161e+00,5.000000000000000000e+00,0.000000000000000000e+00,3.700000000000000000e+01,7.071067811865475727e-01,2.100000000000000000e+01,7.071067811865475727e-01,0.000000000000000000e+00,0.000000000000000000e+00,4.246204137802124023e+00,2.312990876300126786e+00,3.858969700336456299e+01,1.956599848070358050e+01,4.400000000000000000e+01,5.787918451395112740e+00,3.714285714285714590e+01,8.268454930564445249e+00
6.008299711999107728e+00,4.429856374665400054e+00,5.714999999999999858e+01,1.338908137252141728e+01,5.000000000000000000e+00,0.000000000000000000e+00,3.834999999999999432e+01,8.986100377805695816e-01,2.234999999999999787e+01,8.986100377805710249e-01,1.224365180999959080e+01,8.747009364587576385e+00,1.750000000000000000e+00,1.920286436967151955e+00,6.275000000000000000e+01,1.527047805407545233e+01,5.000000000000000000e+00,0.000000000000000000e+00,3.975000000000000000e+01,8.291561975888499525e-01,2.375000000000000000e+01,8.291561975888499525e-01,5.000000000000000000e+01,1.140175425099137918e+01,5.000000000000000000e+00,0.000000000000000000e+00,3.750000000000000000e+01,8.660254037844385966e-01,2.150000000000000000e+01,8.660254037844385966e-01,0.000000000000000000e+00,0.000000000000000000e+00,3.354999423027038574e+00,1.415409073031662635e+00,4.194469642639160156e+01,2.091084233008793447e+01,4.775000000000000000e+01,5.629165124598850767e+00,3.633333333333332860e+01,7.505553499465133171e+00
6.200255529749358452e+00,4.638890642834267553e+00,5.439999999999999858e+01,1.582024020045207813e+01,5.000000000000000000e+00,0.000000000000000000e+00,3.835000000000000142e+01,7.533259586659682983e-01,2.235000000000000142e+01,7.533259586659684093e-01,1.303710723999836674e+01,9.224642083128040682e+00,1.750000000000000000e+00,1.920286436967151955e+00,6.050000000000000000e+01,1.709532099727875831e+01,5.000000000000000000e+00,0.000000000000000000e+00,4.000000000000000000e+01,1.224744871391588941e+00,2.400000000000000000e+01,1.224744871391588941e+00,4.675000000000000000e+01,1.441136704133233870e+01,5.000000000000000000e+00,0.000000000000000000e+00,3.700000000000000000e+01,0.000000000000000000e+00,2.100000000000000000e+01,0.000000000000000000e+00,0.000000000000000000e+00,0.000000000000000000e+00,3.492734789848327637e+00,1.330737549567311051e+00,4.543743121623992920e+01,2.124335054348085450e+01,5.050000000000000000e+01,5.500000000000000000e+00,3.687500000000000000e+01,6.875000000000002665e+00
9.477738806498681612e+00,7.801528019060739005e+00,5.295000000000000284e+01,1.708354471413939280e+01,4.950000000000000178e+00,8.660254037844394848e-02,3.783749999999999858e+01,4.992181386928961628e-01,2.183749999999999858e+01,4.992181386928972175e-01,1.865233947999673347e+01,1.636055906690214101e+01,2.000000000000000000e+00,1.732050807568877193e+00,6.150000000000000000e+01,1.640883908142193803e+01,5.000000000000000000e+00,0.000000000000000000e+00,4.050000000000000000e+01,1.500000000000000000e+00,2.450000000000000000e+01,1.500000000000000000e+00,4.275000000000000000e+01,1.971515914214237242e+01,4.750000000000000000e+00,4.330127018922192983e-01,3.625000000000000000e+01,8.291561975888499525e-01,2.025000000000000000e+01,8.291561975888499525e-01,0.000000000000000000e+00,0.000000000000000000e+00,4.506489455699920654e+00,2.280531939126266838e+00,4.994392067193984985e+01,2.236451794438518093e+01,5.300000000000000000e+01,5.873670062235365030e+00,3.764705882352942012e+01,6.910200073218079275e+00
1.430701889949747851e+01,1.630736409831286693e+01,5.745000000000000284e+01,1.741629983664727632e+01,5.000000000000000000e+00,0.000000000000000000e+00,3.729999999999999716e+01,7.549834435270741384e-01,2.129999999999999716e+01,7.549834435270753596e-01,1.865233947999673347e+01,1.636055906690214101e+01,2.000000000000000000e+00,1.732050807568877193e+00,6.400000000000000000e+01,1.644688420339852541e+01,5.000000000000000000e+00,0.000000000000000000e+00,3.900000000000000000e+01,2.121320343559642385e+00,2.300000000000000000e+01,2.121320343559642385e+00,5.100000000000000000e+01,2.001249609618950132e+01,5.000000000000000000e+00,0.000000000000000000e+00,3.650000000000000000e+01,5.000000000000000000e-01,2.050000000000000000e+01,5.000000000000000000e-01,0.000000000000000000e+00,0.000000000000000000e+00,8.084722876548767090e+00,5.658704168762437980e+00,5.802864354848861694e+01,2.466739714587047061e+01,5.550000000000000000e+01,5.024937810560444973e+00,3.833333333333333570e+01,5.583264233956044542e+00
1.327880625749812893e+01,1.427315703068469510e+01,5.770000000000000284e+01,1.745479876710126987e+01,5.000000000000000000e+00,0.000000000000000000e+00,3.750000000000000000e+01,8.062257748298531368e-01,2.150000000000000000e+01,8.062257748298550242e-01,1.865233947999673347e+01,1.636055906690214101e+01,2.000000000000000000e+00,1.732050807568877193e+00,6.550000000000000000e+01,1.924188140489385646e+01,5.000000000000000000e+00,0.000000000000000000e+00,3.950000000000000000e+01,2.179449471770336988e+00,2.350000000000000000e+01,2.179449471770336988e+00,5.000000000000000000e+01,1.906567596493761840e+01,5.000000000000000000e+00,0.000000000000000000e+00,3.650000000000000000e+01,5.000000000000000000e-01,2.050000000000000000e+01,5.000000000000000000e-01,0.000000000000000000e+00,0.000000000000000000e+00,6.134727954864501953e+00,4.030849735782060961e+00,6.416337150335311890e+01,2.762983744224423788e+01,5.800000000000000000e+01,5.522680508593630577e+00,3.894736842105263008e+01,5.813347903782769777e+00
1.163985941049795514e+01,8.850849641178903937e+00,5.825000000000000000e+01,1.768523395378189633e+01,5.000000000000000000e+00,0.000000000000000000e+00,3.744999999999999574e+01,2.958039891549801848e-01,2.145000000000000284e+01,2.958039891549812395e-01,1.865233947999673347e+01,1.636055906690214101e+01,2.000000000000000000e+00,1.732050807568877193e+00,7.150000000000000000e+01,2.191460700081112734e+01,5.000000000000000000e+00,0.000000000000000000e+00,4.000000000000000000e+01,7.071067811865475727e-01,2.400000000000000000e+01,7.071067811865475727e-01,4.500000000000000000e+01,1.394632568098135295e+01,5.000000000000000000e+00,0.000000000000000000e+00,3.650000000000000000e+01,5.000000000000000000e-01,2.050000000000000000e+01,5.000000000000000000e-01,0.000000000000000000e+00,0.000000000000000000e+00,5.949320435523986816e+00,3.410322050845069342e+00,7.011269193887710571e+01,2.945003100776699156e+01,6.075000000000000000e+01,5.931905258852336438e+00,3.925000000000000000e+01,5.931905258852336438e+00
9.203587205998676524e+00,7.523210445091672582e+00,6.150000000000000000e+01,1.776091213873882069e+01,4.900000000000000355e+00,1.732050807568878970e-01,3.714999999999999858e+01,5.172040216394294676e-01,2.114999999999999858e+01,5.172040216394305778e-01,1.923827697999673347e+01,1.639549655134577932e+01,2.000000000000000000e+00,1.732050807568877193e+00,7.075000000000000000e+01,1.853881064146241187e+01,5.000000000000000000e+00,0.000000000000000000e+00,3.850000000000000000e+01,8.660254037844385966e-01,2.250000000000000000e+01,8.660254037844385966e-01,5.225000000000000000e+01,1.694660733008232611e+01,4.750000000000000000e+00,4.330127018922192983e-01,3.600000000000000000e+01,7.071067811865475727e-01,2.000000000000000000e+01,7.071067811865475727e-01,0.000000000000000000e+00,0.000000000000000000e+00,3.850489079952239990e+00,2.104843201497600624e+00,7.396318101882934570e+01,3.144323244790805560e+01,6.350000000000000000e+01,5.545268253204708842e+00,3.952380952380952550e+01,5.281207860194960801e+00
9.200283218997123313e+00,6.580862238447005907e+00,6.064999999999999858e+01,1.936924107960866692e+01,5.000000000000000000e+00,0.000000000000000000e+00,3.710000000000000142e+01,4.123105625617662917e-01,2.110000000000000142e+01,4.123105625617656811e-01,2.017821513999390248e+01,1.571770988620239429e+01,2.000000000000000000e+00,1.732050807568877193e+00,6.750000000000000000e+01,2.145343795292493283e+01,5.000000000000000000e+00,0.000000000000000000e+00,3.825000000000000000e+01,4.330127018922192983e-01,2.225000000000000000e+01,4.330127018922192983e-01,5.575000000000000000e+01,1.914908614007467591e+01,5.000000000000000000e+00,0.000000000000000000e+00,3.600000000000000000e+01,0.000000000000000000e+00,2.000000000000000000e+01,0.000000000000000000e+00,0.000000000000000000e+00,0.000000000000000000e+00,6.952821373939514160e+00,3.333055620388448048e+00,8.091600239276885986e+01,3.363014664600004267e+01,6.700000000000000000e+01,5.787918451395112740e+00,3.909090909090909349e+01,5.261744046722828472e+00
1.042853911224642616e+01,7.679301751889807903e+00,5.895000000000000284e+01,1.823533657490313331e+01,5.000000000000000000e+00,0.000000000000000000e+00,3.735000000000000142e+01,4.555216789572137936e-01,2.135000000000000142e+01,4.555216789572146818e-01,2.017821513999390248e+01,1.571770988620239429e+01,2.000000000000000000e+00,1.732050807568877193e+00,6.700000000000000000e+01,2.263846284534354325e+01,5.000000000000000000e+00,0.000000000000000000e+00,3.950000000000000000e+01,1.500000000000000000e+00,2.350000000000000000e+01,1.500000000000000000e+00,5.050000000000000000e+01,1.490805151587557376e+01,5.000000000000000000e+00,0.000000000000000000e+00,3.600000000000000000e+01,0.000000000000000000e+00,2.000000000000000000e+01,0.000000000000000000e+00,0.000000000000000000e+00,0.000000000000000000e+00,6.377378404140472412e+00,2.666010825286080799e+00,8.729338079690933228e+01,3.577399212717249810e+01,6.975000000000000000e+01,6.219927652312364330e+00,3.934782608695652328e+01,5.408632741141183864e+00
1.181950296099681275e+01,8.674382933784269056e+00,5.734999999999999432e+01,1.883261798051455216e+01,4.950000000000000178e+00,8.660254037844394848e-02,3.720000000000000284e+01,2.828427124746205057e-01,2.120000000000000284e+01,2.828427124746192844e-01,2.196959685999380341e+01,1.608531830097208370e+01,2.000000000000000000e+00,1.732050807568877193e+00,6.850000000000000000e+01,1.978004044485248158e+01,5.000000000000000000e+00,0.000000000000000000e+00,3.975000000000000000e+01,8.291561975888499525e-01,2.375000000000000000e+01,8.291561975888499525e-01,4.650000000000000000e+01,1.802082129094009844e+01,4.750000000000000000e+00,4.330127018922192983e-01,3.575000000000000000e+01,4.330127018922192983e-01,1.975000000000000000e+01,4.330127018922192983e-01,0.000000000000000000e+00,0.000000000000000000e+00,6.869180679321289062e+00,3.706089322010401421e+00,9.416256147623062134e+01,3.941102850565815174e+01,7.275000000000000000e+01,6.299801584177076030e+00,3.937500000000000000e+01,5.249834653480894175e+00
1.560058087999593290e+01,1.232918553108039461e+01,6.009999999999999432e+01,1.606891408901049445e+01,5.000000000000000000e+00,0.000000000000000000e+00,3.661250000000000426e+01,3.942952573896870705e-01,2.061249999999999716e+01,3.942952573896879587e-01,2.228698073999461826e+01,1.574234980920570059e+01,2.250000000000000000e+00,2.165063509461096825e+00,7.300000000000000000e+01,1.181101181101771580e+01,5.000000000000000000e+00,0.000000000000000000e+00,3.825000000000000000e+01,8.291561975888499525e-01,2.225000000000000000e+01,8.291561975888499525e-01,4.750000000000000000e+01,2.119551839422664230e+01,5.000000000000000000e+00,0.000000000000000000e+00,3.600000000000000000e+01,0.000000000000000000e+00,2.000000000000000000e+01,0.000000000000000000e+00,0.000000000000000000e+00,0.000000000000000000e+00,8.872428536415100098e+00,5.591752328910320813e+00,1.030349900126457214e+02,4.298218033308452846e+01,7.500000000000000000e+01,5.787918451395112740e+00,4.000000000000000000e+01,4.630334761116090547e+00
1.860122179299536427e+01,1.516105791906564271e+01,5.965000000000000568e+01,1.606821396422141035e+01,5.000000000000000000e+00,0.000000000000000000e+00,3.654999999999999716e+01,6.224949798994369177e-01,2.055000000000000071e+01,6.224949798994374728e-01,2.463073073999461826e+01,1.707825474058089910e+01,2.250000000000000000e+00,2.165063509461096825e+00,6.650000000000000000e+01,1.662077013859466135e+01,5.000000000000000000e+00,0.000000000000000000e+00,3.775000000000000000e+01,1.920286436967151955e+00,2.175000000000000000e+01,1.920286436967151955e+00,5.300000000000000000e+01,1.552417469626002422e+01,5.000000000000000000e+00,0.000000000000000000e+00,3.600000000000000000e+01,0.000000000000000000e+00,2.000000000000000000e+01,0.000000000000000000e+00,0.000000000000000000e+00,0.000000000000000000e+00,9.619709610939025879e+00,5.319449157285530916e+00,1.126546996235847473e+02,4.814630750941767445e+01,7.700000000000000000e+01,5.244044240850757710e+00,4.076923076923076650e+01,4.033880185269810958e+00
1.246891564099565208e+01,7.849297350821868413e+00,6.000000000000000000e+01,1.726615185847732548e+01,4.950000000000000178e+00,8.660254037844393460e-02,3.664999999999999858e+01,3.840572873934305353e-01,2.064999999999999858e+01,3.840572873934306464e-01,2.463073073999461826e+01,1.707825474058089910e+01,2.250000000000000000e+00,2.165063509461096825e+00,7.025000000000000000e+01,2.214017840939860093e+01,5.000000000000000000e+00,0.000000000000000000e+00,3.800000000000000000e+01,1.224744871391588941e+00,2.200000000000000000e+01,1.224744871391588941e+00,5.325000000000000000e+01,1.235667835625739741e+01,4.750000000000000000e+00,4.330127018922192983e-01,3.575000000000000000e+01,4.330127018922192983e-01,1.975000000000000000e+01,4.330127018922192983e-01,0.000000000000000000e+00,0.000000000000000000e+00,7.756901204586029053e+00,4.818785058547145006e+00,1.204116008281707764e+02,5.095737754336126102e+01,7.950000000000000000e+01,4.924428900898051964e+00,4.111111111111111427e+01,3.647725111776336959e+00
1.164824907999516768e+01,7.232236449311232995e+00,5.900000000000000000e+01,1.564544662194083635e+01,5.000000000000000000e+00,0.000000000000000000e+00,3.694999999999999574e+01,6.224949798994369177e-01,2.095000000000000284e+01,6.224949798994366956e-01,2.463073073999461826e+01,1.707825474058089910e+01,2.250000000000000000e+00,2.165063509461096825e+00,6.875000000000000000e+01,2.016649448962312974e+01,5.000000000000000000e+00,0.000000000000000000e+00,3.825000000000000000e+01,1.639359631075500090e+00,2.225000000000000000e+01,1.639359631075500090e+00,5.050000000000000000e+01,1.436140661634507154e+01,5.000000000000000000e+00,0.000000000000000000e+00,3.600000000000000000e+01,0.000000000000000000e+00,2.000000000000000000e+01,0.000000000000000000e+00,0.000000000000000000e+00,0.000000000000000000e+00,7.320364475250244141e+00,3.632300014187102022e+00,1.277319653034210205e+02,5.319339872155507720e+01,8.250000000000000000e+01,4.387482193696061294e+00,4.107142857142856940e+01,3.133915852640043909e+00
1.800216180899559859e+01,1.344788649492148735e+01,5.825000000000000000e+01,2.085011990373197222e+01,5.000000000000000000e+00,0.000000000000000000e+00,3.660000000000000142e+01,3.741657386773937222e-01,2.060000000000000142e+01,3.741657386773942218e-01,2.463073073999461826e+01,1.707825474058089910e+01,2.250000000000000000e+00,2.165063509461096825e+00,6.850000000000000000e+01,2.315707235381882256e+01,5.000000000000000000e+00,0.000000000000000000e+00,3.800000000000000000e+01,1.414213562373095145e+00,2.200000000000000000e+01,1.414213562373095145e+00,5.050000000000000000e+01,2.254440063519099269e+01,5.000000000000000000e+00,0.000000000000000000e+00,3.600000000000000000e+01,0.000000000000000000e+00,2.000000000000000000e+01,0.000000000000000000e+00,0.000000000000000000e+00,0.000000000000000000e+00,8.869804441928863525e+00,4.351196885482762511e+00,1.366017697453498840e+02,5.743909977594201877e+01,8.425000000000000000e+01,4.264680527307994851e+00,4.189655172413793593e+01,2.941158984350343619e+00
1.735198603849698173e+01,1.343910900429301059e+01,5.920000000000000284e+01,1.827621404996122223e+01,5.000000000000000000e+00,0.000000000000000000e+00,3.685000000000000142e+01,5.722761571129801883e-01,2.085000000000000142e+01,5.722761571129807434e-01,2.463073073999461826e+01,1.707825474058089910e+01,2.250000000000000000e+00,2.165063509461096825e+00,6.625000000000000000e+01,1.797741638834679634e+01,5.000000000000000000e+00,0.000000000000000000e+00,3.850000000000000000e+01,1.118033988749894903e+00,2.250000000000000000e+01,1.118033988749894903e+00,5.250000000000000000e+01,2.016804403009870583e+01,5.000000000000000000e+00,0.000000000000000000e+00,3.600000000000000000e+01,0.000000000000000000e+00,2.000000000000000000e+01,0.000000000000000000e+00,0.000000000000000000e+00,0.000000000000000000e+00,7.244833886623382568e+00,3.694712914689109784e+00,1.438466036319732666e+02,6.082343792616601519e+01,8.650000000000000000e+01,3.774917217635374911e+00,4.233333333333332860e+01,2.516611478423581794e+00
1.842315251399651999e+01,1.336727800203054528e+01,6.050000000000000000e+01,1.694314020481445127e+01,5.000000000000000000e+00,0.000000000000000000e+00,3.679999999999999716e+01,7.348469228349522320e-01,2.080000000000000071e+01,7.348469228349537863e-01,2.463073073999461826e+01,1.707825474058089910e+01,2.250000000000000000e+00,2.165063509461096825e+00,7.200000000000000000e+01,2.028546277510079321e+01,5.000000000000000000e+00,0.000000000000000000e+00,3.850000000000000000e+01,2.061552812808830293e+00,2.250000000000000000e+01,2.061552812808830293e+00,5.150000000000000000e+01,1.430908802125418511e+01,5.000000000000000000e+00,0.000000000000000000e+00,3.600000000000000000e+01,0.000000000000000000e+00,2.000000000000000000e+01,0.000000000000000000e+00,0.000000000000000000e+00,0.000000000000000000e+00,7.460820555686950684e+00,3.804813851002597946e+00,1.513074241876602173e+02,6.426719475649487379e+01,8.850000000000000000e+01,3.840572873934303910e+00,4.290322580645160144e+01,2.477788950925358336e+00
1.589207264199596459e+01,1.101204272013142393e+01,6.194999999999999574e+01,1.627106327195613744e+01,4.950000000000000178e+00,8.660254037844393460e-02,3.645000000000000284e+01,3.570714214271425990e-01,2.044999999999999929e+01,3.570714214271425990e-01,2.470397185999380341e+01,1.699677295657505738e+01,2.250000000000000000e+00,2.165063509461096825e+00,7.150000000000000000e+01,1.281600561797629645e+01,5.000000000000000000e+00,0.000000000000000000e+00,3.725000000000000000e+01,8.291561975888499525e-01,2.125000000000000000e+01,8.291561975888499525e-01,5.525000000000000000e+01,1.863296809421408184e+01,4.750000000000000000e+00,4.330127018922192983e-01,3.575000000000000000e+01,4.330127018922192983e-01,1.975000000000000000e+01,4.330127018922192983e-01,0.000000000000000000e+00,0.000000000000000000e+00,8.189293563365936279e+00,4.575197139460017048e+00,1.594967177510261536e+02,6.755706438411023385e+01,9.000000000000000000e+01,3.674234614174767266e+00,4.375000000000000000e+01,2.296396633859229652e+00
1.315749711399667277e+01,9.986300220422672069e+00,6.185000000000000142e+01,1.644407188016398891e+01,5.000000000000000000e+00,0.000000000000000000e+00,3.725000000000000000e+01,6.062177826491077504e-01,2.125000000000000000e+01,6.062177826491077504e-01,2.470397185999380341e+01,1.699677295657505738e+01,2.250000000000000000e+00,2.165063509461096825e+00,7.450000000000000000e+01,1.779747173055768528e+01,5.000000000000000000e+00,0.000000000000000000e+00,3.975000000000000000e+01,2.046338192968112590e+00,2.375000000000000000e+01,2.046338192968112590e+00,5.075000000000000000e+01,1.940843888621648006e+01,5.000000000000000000e+00,0.000000000000000000e+00,3.600000000000000000e+01,0.000000000000000000e+00,2.000000000000000000e+01,0.000000000000000000e+00,0.000000000000000000e+00,0.000000000000000000e+00,7.207648038864135742e+00,3.643064542063072508e+00,1.667043657898902893e+02,7.071113374956611608e+01,9.300000000000000000e+01,3.240370349203930189e+00,4.363636363636363313e+01,1.963860817699348171e+00
1.418883755799564383e+01,9.261246049519977319e+00,6.550000000000000000e+01,1.642954655491136862e+01,5.000000000000000000e+00,0.000000000000000000e+00,3.669999999999999574e+01,2.236067977499789639e-01,2.070000000000000284e+01,2.236067977499793802e-01,2.470397185999380341e+01,1.699677295657505738e+01,2.250000000000000000e+00,2.165063509461096825e+00,7.700000000000000000e+01,1.909188309203678457e+01,5.000000000000000000e+00,0.000000000000000000e+00,3.800000000000000000e+01,1.224744871391588941e+00,2.200000000000000000e+01,1.224744871391588941e+00,5.650000000000000000e+01,1.608570794214541166e+01,5.000000000000000000e+00,0.000000000000000000e+00,3.600000000000000000e+01,0.000000000000000000e+00,2.000000000000000000e+01,0.000000000000000000e+00,0.000000000000000000e+00,0.000000000000000000e+00,7.595230340957641602e+00,3.499032071198259430e+00,1.742995961308479309e+02,7.351510681059622243e+01,9.550000000000000000e+01,2.872281323269014308e+00,4.382352941176471006e+01,1.689577248981776414e+00
1.290836938199571904e+01,9.131402323215271011e+00,6.150000000000000000e+01,1.735597879694487489e+01,4.950000000000000178e+00,8.660254037844394848e-02,3.685000000000000142e+01,4.974937185533097050e-01,2.085000000000000142e+01,4.974937185533107042e-01,2.470397185999380341e+01,1.699677295657505738e+01,2.250000000000000000e+00,2.165063509461096825e+00,7.275000000000000000e+01,1.721009877949571631e+01,5.000000000000000000e+00,0.000000000000000000e+00,3.875000000000000000e+01,1.299038105676658006e+00,2.275000000000000000e+01,1.299038105676658006e+00,5.100000000000000000e+01,1.812456896039185850e+01,4.750000000000000000e+00,4.330127018922192983e-01,3.575000000000000000e+01,4.330127018922192983e-01,1.975000000000000000e+01,4.330127018922192983e-01,0.000000000000000000e+00,0.000000000000000000e+00,6.948725163936614990e+00,2.904794591768196987e+00,1.812483212947845459e+02,7.636421924704653463e+01,9.825000000000000000e+01,3.561951712193751618e+00,4.385714285714285410e+01,2.035400978396424865e+00
1.075993119599526082e+01,6.070566868265464322e+00,6.575000000000000000e+01,1.707300500790648812e+01,4.950000000000000178e+00,8.660254037844393460e-02,3.690000000000000568e+01,4.999999999999996114e-01,2.089999999999999858e+01,5.000000000000006661e-01,2.470397185999380341e+01,1.699677295657505738e+01,2.250000000000000000e+00,2.165063509461096825e+00,7.350000000000000000e+01,1.683003267970683581e+01,5.000000000000000000e+00,0.000000000000000000e+00,3.850000000000000000e+01,1.118033988749894903e+00,2.250000000000000000e+01,1.118033988749894903e+00,5.550000000000000000e+01,1.813146436446874432e+01,4.750000000000000000e+00,4.330127018922192983e-01,3.575000000000000000e+01,4.330127018922192983e-01,1.975000000000000000e+01,4.330127018922192983e-01,0.000000000000000000e+00,0.000000000000000000e+00,6.228436648845672607e+00,3.905117095352073520e+00,1.874767579436302185e+02,7.875633475305033926e+01,1.002500000000000000e+02,4.205650960315180598e+00,4.430555555555555003e+01,2.336472755730655493e+00
1.161101741899486584e+01,6.474596528018531139e+00,6.405000000000001137e+01,1.402524509589761159e+01,5.000000000000000000e+00,0.000000000000000000e+00,3.685000000000000142e+01,4.974937185533097050e-01,2.085000000000000142e+01,4.974937185533107042e-01,2.470397185999380341e+01,1.699677295657505738e+01,2.250000000000000000e+00,2.165063509461096825e+00,7.675000000000000000e+01,1.599023139294738272e+01,5.000000000000000000e+00,0.000000000000000000e+00,3.825000000000000000e+01,1.089724735885168494e+00,2.225000000000000000e+01,1.089724735885168494e+00,5.450000000000000000e+01,1.432654878189440240e+01,5.000000000000000000e+00,0.000000000000000000e+00,3.600000000000000000e+01,0.000000000000000000e+00,2.000000000000000000e+01,0.000000000000000000e+00,0.000000000000000000e+00,0.000000000000000000e+00,7.420205771923065186e+00,3.866402291246037404e+00,1.948969637155532837e+02,8.195526747368606379e+01,1.032500000000000000e+02,4.866980583482946265e+00,4.418918918918919303e+01,2.630800315396186306e+00
1.266667127799692949e+01,8.588804530292540207e+00,6.159999999999999432e+01,1.714234523045198699e+01,4.950000000000000178e+00,8.660254037844394848e-02,3.725000000000000000e+01,6.982120021884464789e-01,2.125000000000000000e+01,6.982120021884460348e-01,2.470397185999380341e+01,1.699677295657505738e+01,2.250000000000000000e+00,2.165063509461096825e+00,7.500000000000000000e+01,1.901315334183154349e+01,5.000000000000000000e+00,0.000000000000000000e+00,3.975000000000000000e+01,2.165063509461096825e+00,2.375000000000000000e+01,2.165063509461096825e+00,4.375000000000000000e+01,1.690229274388536851e+01,4.750000000000000000e+00,4.330127018922192983e-01,3.575000000000000000e+01,4.330127018922192983e-01,1.975000000000000000e+01,4.330127018922192983e-01,0.000000000000000000e+00,0.000000000000000000e+00,5.387968897819519043e+00,2.201673017771679675e+00,2.002849326133728027e+02,8.415313679531884361e+01,1.060000000000000000e+02,5.244044240850757710e+00,4.421052631578947256e+01,2.760023284658292830e+00
1.377995090399575595e+01,8.556637913867046308e+00,5.939999999999999858e+01,1.815433832448872309e+01,4.950000000000000178e+00,8.660254037844393460e-02,3.675000000000000000e+01,4.092676385936224737e-01,2.075000000000000000e+01,4.092676385936225292e-01,2.470397185999380341e+01,1.699677295657505738e+01,2.250000000000000000e+00,2.165063509461096825e+00,6.725000000000000000e+01,1.947273735251415516e+01,5.000000000000000000e+00,0.000000000000000000e+00,3.875000000000000000e+01,1.299038105676658006e+00,2.275000000000000000e+01,1.299038105676658006e+00,5.225000000000000000e+01,1.690229274388536851e+01,4.750000000000000000e+00,4.330127018922192983e-01,3.575000000000000000e+01,4.330127018922192983e-01,1.975000000000000000e+01,4.330127018922192983e-01,0.000000000000000000e+00,0.000000000000000000e+00,7.494642794132232666e+00,3.890640920043934692e+00,2.077795754075050354e+02,8.772839483390136195e+01,1.082500000000000000e+02,5.629165124598850767e+00,4.448717948717948900e+01,2.886751345948130876e+00
1.608642018999552548e+01,1.098993840653616338e+01,5.929999999999999716e+01,1.828961453940459592e+01,5.000000000000000000e+00,0.000000000000000000e+00,3.670000000000000284e+01,3.605551275463986238e-01,2.070000000000000284e+01,3.605551275463988459e-01,2.470397185999380341e+01,1.699677295657505738e+01,2.250000000000000000e+00,2.165063509461096825e+00,6.275000000000000000e+01,1.564249021096065739e+01,5.000000000000000000e+00,0.000000000000000000e+00,3.775000000000000000e+01,8.291561975888499525e-01,2.175000000000000000e+01,8.291561975888499525e-01,5.500000000000000000e+01,2.185177338341215858e+01,5.000000000000000000e+00,0.000000000000000000e+00,3.600000000000000000e+01,0.000000000000000000e+00,2.000000000000000000e+01,0.000000000000000000e+00,0.000000000000000000e+00,0.000000000000000000e+00,1.097755694389343262e+01,8.274489830137891744e+00,2.187571323513984680e+02,9.224644431381919674e+01,1.097500000000000000e+02,4.710360920354193404e+00,4.512500000000000000e+01,2.355180460177094037e+00
1.907744837399574678e+01,1.339193982803586636e+01,5.950000000000000000e+01,1.809336895108260279e+01,5.000000000000000000e+00,0.000000000000000000e+00,3.679999999999999716e+01,3.741657386773937222e-01,2.080000000000000071e+01,3.741657386773942218e-01,2.470397185999380341e+01,1.699677295657505738e+01,2.250000000000000000e+00,2.165063509461096825e+00,6.525000000000000000e+01,1.889940475253122898e+01,5.000000000000000000e+00,0.000000000000000000e+00,3.900000000000000000e+01,1.581138830084189761e+00,2.300000000000000000e+01,1.581138830084189761e+00,5.375000000000000000e+01,1.863296809421408184e+01,5.000000000000000000e+00,0.000000000000000000e+00,3.600000000000000000e+01,0.000000000000000000e+00,2.000000000000000000e+01,0.000000000000000000e+00,0.000000000000000000e+00,0.000000000000000000e+00,1.046631884574890137e+01,5.359650476114151019e+00,2.292234511971473694e+02,9.693462985386533148e+01,1.112500000000000000e+02,4.763139720814412392e+00,4.573170731707317316e+01,2.323482790641174578e+00
1.362752700799517847e+01,7.730888285750151745e+00,5.954999999999999716e+01,1.941668097281304028e+01,4.937500000000000000e+00,1.082531754730548246e-01,3.683749999999999858e+01,6.435982830928000942e-01,2.083749999999999858e+01,6.435982830927996501e-01,2.470397185999380341e+01,1.699677295657505738e+01,2.500000000000000000e+00,2.598076211353316012e+00,7.025000000000000000e+01,1.832177666057524945e+01,5.000000000000000000e+00,0.000000000000000000e+00,3.950000000000000000e+01,2.692582403567251870e+00,2.350000000000000000e+01,2.692582403567251870e+00,4.725000000000000000e+01,2.319886850689059088e+01,4.750000000000000000e+00,4.330127018922192983e-01,3.575000000000000000e+01,4.330127018922192983e-01,1.975000000000000000e+01,4.330127018922192983e-01,0.000000000000000000e+00,0.000000000000000000e+00,9.801227927207946777e+00,8.442291633553239194e+00,2.390246791243553162e+02,1.013933961998646964e+02,1.127500000000000000e+02,4.710360920354193404e+00,4.630952380952381020e+01,2.243029009692473430e+00
1.387119856299590381e+01,8.226438785081505500e+00,6.000000000000000000e+01,1.719476664569775437e+01,4.950000000000000178e+00,8.660254037844393460e-02,3.675000000000000000e+01,2.179449471770339153e-01,2.075000000000000000e+01,2.179449471770343316e-01,2.529296447999673347e+01,1.651604161670561766e+01,2.500000000000000000e+00,2.598076211353316012e+00,6.850000000000000000e+01,1.494155279748393461e+01,5.000000000000000000e+00,0.000000000000000000e+00,3.900000000000000000e+01,7.071067811865475727e-01,2.300000000000000000e+01,7.071067811865475727e-01,5.325000000000000000e+01,1.841704373671301198e+01,4.750000000000000000e+00,4.330127018922192983e-01,3.575000000000000000e+01,4.330127018922192983e-01,1.975000000000000000e+01,4.330127018922192983e-01,0.000000000000000000e+00,0.000000000000000000e+00,9.571491360664367676e+00,5.085327293227559942e+00,2.485961704850196838e+02,1.059954503853200833e+02,1.152500000000000000e+02,4.968651728587947680e+00,4.639534883720930480e+01,2.311000803994393671e+00
1.219074897349662834e+01,7.666202100699162081e+00,6.050000000000000000e+01,1.779129000381928805e+01,4.950000000000000178e+00,8.660254037844393460e-02,3.703750000000000142e+01,3.927069518101256040e-01,2.103750000000000142e+01,3.927069518101252155e-01,2.529296447999673347e+01,1.651604161670561766e+01,2.750000000000000000e+00,3.031088913245535199e+00,7.050000000000000000e+01,1.408012784032872311e+01,5.000000000000000000e+00,0.000000000000000000e+00,3.900000000000000000e+01,1.224744871391588941e+00,2.300000000000000000e+01,1.224744871391588941e+00,4.775000000000000000e+01,2.394133454926855009e+01,4.750000000000000000e+00,4.330127018922192983e-01,3.575000000000000000e+01,4.330127018922192983e-01,1.975000000000000000e+01,4.330127018922192983e-01,0.000000000000000000e+00,0.000000000000000000e+00,6.175482273101806641e+00,3.528252529750012023e+00,2.547716527581214905e+02,1.089664253867234009e+02,1.180000000000000000e+02,4.949747468305832676e+00,4.636363636363635976e+01,2.249885212866288065e+00
1.435821200199743863e+01,9.447296691196566343e+00,5.929999999999999716e+01,1.930518065183540699e+01,5.000000000000000000e+00,0.000000000000000000e+00,3.714999999999999858e+01,6.224949798994379169e-01,2.114999999999999858e+01,6.224949798994359185e-01,2.529296447999673347e+01,1.651604161670561766e+01,2.750000000000000000e+00,3.031088913245535199e+00,6.625000000000000000e+01,1.871329741119934198e+01,5.000000000000000000e+00,0.000000000000000000e+00,3.900000000000000000e+01,1.000000000000000000e+00,2.300000000000000000e+01,1.000000000000000000e+00,5.100000000000000000e+01,1.924837655492015642e+01,5.000000000000000000e+00,0.000000000000000000e+00,3.600000000000000000e+01,0.000000000000000000e+00,2.000000000000000000e+01,0.000000000000000000e+00,0.000000000000000000e+00,0.000000000000000000e+00,6.874030649662017822e+00,4.834756368098983792e+00,2.616456834077835083e+02,1.118629977363204659e+02,1.197500000000000000e+02,4.437059837324712319e+00,4.677777777777777857e+01,1.972026594366540708e+00
1.376347341599755403e+01,1.061215971375200695e+01,5.954999999999999716e+01,1.939400680622753725e+01,4.950000000000000178e+00,8.660254037844394848e-02,3.675000000000000000e+01,1.658312395177691245e-01,2.075000000000000000e+01,1.658312395177694021e-01,2.529296447999673347e+01,1.651604161670561766e+01,2.750000000000000000e+00,3.031088913245535199e+00,6.675000000000000000e+01,2.054720175595694087e+01,5.000000000000000000e+00,0.000000000000000000e+00,3.850000000000000000e+01,1.118033988749894903e+00,2.250000000000000000e+01,1.118033988749894903e+00,5.325000000000000000e+01,1.803295594183050099e+01,4.750000000000000000e+00,4.330127018922192983e-01,3.575000000000000000e+01,4.330127018922192983e-01,1.975000000000000000e+01,4.330127018922192983e-01,0.000000000000000000e+00,0.000000000000000000e+00,6.487523913383483887e+00,3.431354867118218355e+00,2.681332073211669922e+02,1.146294542779165511e+02,1.212500000000000000e+02,4.205650960315180598e+00,4.728260869565217206e+01,1.828543895789208173e+00
1.180912666899670072e+01,7.975030233592995010e+00,6.170000000000000284e+01,2.249555511651135120e+01,4.950000000000000178e+00,8.660254037844393460e-02,3.704999999999999716e+01,7.533259586659662999e-01,2.105000000000000071e+01,7.533259586659689644e-01,2.529296447999673347e+01,1.651604161670561766e+01,2.750000000000000000e+00,3.031088913245535199e+00,7.450000000000000000e+01,2.827100988645435820e+01,5.000000000000000000e+00,0.000000000000000000e+00,3.950000000000000000e+01,2.061552812808830293e+00,2.350000000000000000e+01,2.061552812808830293e+00,5.050000000000000000e+01,1.955121479601715251e+01,4.750000000000000000e+00,4.330127018922192983e-01,3.575000000000000000e+01,4.330127018922192983e-01,1.975000000000000000e+01,4.330127018922192983e-01,0.000000000000000000e+00,0.000000000000000000e+00,7.673811078071594238e+00,4.239868862033906893e+00,2.758070183992385864e+02,1.179734258256251991e+02,1.240000000000000000e+02,3.937003937005905563e+00,4.723404255319149314e+01,1.675320824257836350e+00
1.416630563799763820e+01,9.225090253141976504e+00,6.160000000000000142e+01,2.214904061127705148e+01,4.950000000000000178e+00,8.660254037844393460e-02,3.695000000000000284e+01,6.538348415311006079e-01,2.094999999999999929e+01,6.538348415311011630e-01,2.529296447999673347e+01,1.651604161670561766e+01,2.750000000000000000e+00,3.031088913245535199e+00,7.275000000000000000e+01,2.807467720206236095e+01,5.000000000000000000e+00,0.000000000000000000e+00,3.850000000000000000e+01,1.500000000000000000e+00,2.250000000000000000e+01,1.500000000000000000e+00,5.200000000000000000e+01,1.805547008526778896e+01,4.750000000000000000e+00,4.330127018922192983e-01,3.575000000000000000e+01,4.330127018922192983e-01,1.975000000000000000e+01,4.330127018922192983e-01,0.000000000000000000e+00,0.000000000000000000e+00,7.215063095092773438e+00,3.680877374462803164e+00,2.830220814943313599e+02,1.211261649884331746e+02,1.260000000000000000e+02,4.527692569068708650e+00,4.750000000000000000e+01,1.886538570445289942e+00
1.226811148149702824e+01,8.713236078935389983e+00,6.300000000000000000e+01,2.181238180483736144e+01,4.950000000000000178e+00,8.660254037844393460e-02,3.690000000000000568e+01,3.000000000000012657e-01,2.089999999999999858e+01,3.000000000000004330e-01,2.529296447999673347e+01,1.651604161670561766e+01,2.750000000000000000e+00,3.031088913245535199e+00,7.700000000000000000e+01,2.514955267991858179e+01,5.000000000000000000e+00,0.000000000000000000e+00,3.900000000000000000e+01,1.414213562373095145e+00,2.300000000000000000e+01,1.414213562373095145e+00,5.250000000000000000e+01,2.117191535974012950e+01,4.750000000000000000e+00,4.330127018922192983e-01,3.575000000000000000e+01,4.330127018922192983e-01,1.975000000000000000e+01,4.330127018922192983e-01,0.000000000000000000e+00,0.000000000000000000e+00,7.328351616859436035e+00,3.686111301398960816e+00,2.903504331111907959e+02,1.247618672250774807e+02,1.287500000000000000e+02,5.309190145398825500e+00,4.744897959183673919e+01,2.167016385877069240e+00
1.795409835999755188e+01,1.061544376094589737e+01,6.494999999999998863e+01,2.400348932967871463e+01,5.000000000000000000e+00,0.000000000000000000e+00,3.662500000000000000e+01,1.089724735885155282e-01,2.062500000000000000e+01,1.089724735885169715e-01,2.529296447999673347e+01,1.651604161670561766e+01,3.000000000000000000e+00,3.464101615137754386e+00,7.825000000000000000e+01,2.192458665516866745e+01,5.000000000000000000e+00,0.000000000000000000e+00,3.800000000000000000e+01,0.000000000000000000e+00,2.200000000000000000e+01,0.000000000000000000e+00,5.250000000000000000e+01,2.474368606331724507e+01,5.000000000000000000e+00,0.000000000000000000e+00,3.600000000000000000e+01,0.000000000000000000e+00,2.000000000000000000e+01,0.000000000000000000e+00,0.000000000000000000e+00,0.000000000000000000e+00,7.770575463771820068e+00,4.736081008433467687e+00,2.981210085749626160e+02,1.286751403417502502e+02,1.302500000000000000e+02,5.539629951540084640e+00,4.789999999999999858e+01,2.215851980616034833e+00
1.559524058699629379e+01,8.830668961842718545e+00,6.829999999999999716e+01,2.248132558369279366e+01,5.000000000000000000e+00,0.000000000000000000e+00,3.654999999999999716e+01,3.840572873934300913e-01,2.055000000000000071e+01,3.840572873934306464e-01,2.529296447999673347e+01,1.651604161670561766e+01,3.000000000000000000e+00,3.464101615137754386e+00,8.250000000000000000e+01,3.076117683054404850e+01,5.000000000000000000e+00,0.000000000000000000e+00,3.725000000000000000e+01,8.291561975888499525e-01,2.125000000000000000e+01,8.291561975888499525e-01,5.525000000000000000e+01,1.620763708873073128e+01,5.000000000000000000e+00,0.000000000000000000e+00,3.600000000000000000e+01,0.000000000000000000e+00,2.000000000000000000e+01,0.000000000000000000e+00,0.000000000000000000e+00,0.000000000000000000e+00,8.644757211208343506e+00,6.048028731274015968e+00,3.067657657861709595e+02,1.330333597834950581e+02,1.325000000000000000e+02,5.172040216394300671e+00,4.803921568627450256e+01,2.028251065252668184e+00
